Id;Label
1;WilliamWordsworth
2;SaintMark
3;BoydCounselingServices
4;KatiePrejeanMcGrady
5;daniellebean
6;MontseAlvarado
7;MarissaWilliams
8;ThiagoBrado
9;BertrandRussell
10;JamesMBarrie
11;womenSBibleStudyGroup
12;TheChosen
13;Benedictines_Of_Mary
14;WalkingwithPurpose
15;ThomasAquinas
16;StAnne
17;CarryYourCross
18;EricDooley
19;SaintSimon
20;DaughtersOfCharity
21;StHelena
22;LiamNeeson
23;UncorkCapital
24;JosephineGarrett
25;Paras_Patel_Matthew_The_Chosen
26;TheChurchoftheNativityinBethlehem
27;DrElizabethLev
28;SteveRay
29;fatherstumovie
30;bernalornothing
31;Cantores
32;ChanceTheRapper
33;ApostolicMovementOfDivineMercy
34;GuardianAngel
35;Spotify
36;RafaelMerryDelVal
37;LilaRose
38;BocelliFamily
39;MikeSchmitz
40;EliseVanDiere
41;JoshGarrels
42;SephSchlueter
43;Aslan
44;@mickey.kelly2
45;mikedelponte
46;FrJoeLaramie
47;TheaBowman
48;PopeFrancis
49;VOCES8
50;ClaireCouche
51;TracyMcGrady
52;Stevenson
53;catholicbookishdelights
54;Franciscans
55;Mary
56;PopeSylvester
57;Twitter
58;Cate
59;StJames
60;Kaliyah
61;Alex
62;MilitiaImmaculata
63;ashleeeeeeyj
64;ErinEgan
65;StBenedict
66;SrMaryBernice
67;NBABostonCeltics
68;GrubHub
69;FamilyMassPrep
70;HaroldBurkeSivers
71;IgnatiusOfLoyola
72;Ruth
73;Kayla
74;CabriniMovie
75;FabiolaGarza
76;StPeter
77;AmandaVernon
78;CatholicSchoolsWeekCSW
79;SeanBeeson
80;ThomasApostle
81;Sixtini
82;StEphrem
83;@mary.annec
84;@lucieee_lu
85;UrsulineSisters
86;CatholicSproutsPodcast
87;ArchbishopOfCanterbury
88;David
89;TruthCharting
90;FrRobertSpitzer
91;JohnPaulXIII
92;OurLadyOfLourdes
93;StJane
94;RebekahWu
95;Jack
96;SoulsAndHearts
97;NationalEucharisticCongress
98;TammyPeterson
99;AbrahamLincoln
100;KortneeSenn
101;JohnTheBaptist
102;SimonTheZealot
103;NationalCancerInstitute
104;KansasCityChiefs
105;BearGrylls
106;JohnBosco
107;David_Amito_John_Baptist_Chosen
108;YouTube
109;JohnRiccardo
110;Cameo
111;GiaChacon
112;HaleyStewart
113;lindsey
114;@seekstrength
115;ArthurBrooks
116;FranciscanFriarsOfTheRenewal
117;AllyB
118;GraceMcCallum
119;NBCTheVoice
120;CardinalTimothyDolan
121;KatyNichole
122;colleenmscanlon
123;catholiccompanies
124;AmyDAmbra
125;MonksOfNorcia
126;BrettFavre
127;FrWalterCiszek
128;DominicanSistersOfMaryMotherOfTheEucharist
129;MarysMeals
130;MattMaher
131;J.J.Wright
132;Moses
133;ElizabethAnnSeton
134;FoxAndFriends
135;FrMichaelGaitley
136;CarrieUnderwood
137;@flowersfaithandtea
138;SiostraTeresaPawlak
139;ChikaAnyanwu
140;DioceseOfBatonRouge
141;RhettWalker
142;taylorbhealthy
143;MarioLopez
144;BenRector
145;StGiannaMolla
146;TommyMcGrady
147;Adam
148;StJohnHenryNewman
149;BridgetVanderWoude
150;MotherTeresa
151;GwenStefani
152;AveryMarler
153;AnnaWhite
154;HallowGuideFrancis
155;StJeanBaptisteDeLaSalle
156;FranciscanUniversity
157;JenniferFulwiler
158;parousiamedia
159;Maria
160;@k.walter.9
161;StLucy
162;JosephineBakhita
163;Elijah
164;CatholicPsychotherapyAssociation
165;CatholicMomsSummit
166;AlphonsusLiguori
167;cfr_franciscans
168;NealMcDonough
169;@belovedpearldesign
170;StPeregrineLaziosi
171;Eve
172;SrStephanie
173;ArchangelRaphael
174;ThomasBecket
175;HallowTeam
176;StFelicity
177;TheCatholicWoodworker
178;JimPerry
179;BenedictXVI
180;Taylor
181;ARISEFORUM
182;JosemariaEscriva
183;FrGregoryBoyle
184;MariPablo
185;PopePaulVI
186;GeorgeWeigel
187;MattFradd
188;Facebook
189;KateriTekakwitha
190;FrGabriel
191;BiskupSławomirOder
192;cameronkrager
193;VirginiaBocelli
194;DavidHume
195;MegHunterKilmer
196;Simon
197;MotherNatalia
198;ZachWilliams
199;CFOAlessandroDiSanto
200;HolyRosaryChurch
201;FrFrankieCicero
202;MollyFord
203;StAgnesKim
204;SocietyOfJesus
205;LeahDarrow
206;HallowGuideAnna
207;CatholifyApp
208;ChicagoCubs
209;JimWahlberg
210;EllieHolcomb
211;JenOlsonIllustration
212;StJoseph
213;VincentLampert
214;DavidHenrie
215;JoanOfArc
216;FrPeteMcCormick
217;StAgatha
218;VigilProject
219;Zechariah
220;Spothero
221;FatherLouisMerosne
222;AmandaZurface
223;StGertrude
224;fullofgracecatholicministry
225;FatherPatrickPeyton
226;StPaul
227;KariannaFrey
228;ReginaBoyd
229;Father
230;KatieLewis
231;ScottHahn
232;ClinicalMentalHealthCounselor
233;ChastityProject
234;1871
235;MichaelStPierre
236;MalachyNapier
237;StJuanDiego
238;Blessedisshe
239;StJohnOfAvila
240;FatherStu
241;FrancisChan
242;StAndrew
243;YaleDivinitySchool
244;BishopJosephEspaillat
245;MarekMade
246;SrAgnusDei
247;JamesBaxter
248;FrTimothyGallagher
249;TPMSSpain
250;stephenjcaruso
251;LouHoltz
252;non-Christians
253;Innocents(Children)
254;ForrestFrank
255;AlexanderHamilton
256;JacintaMarto
257;Narya
258;carleara
259;BobbyAngel
260;FrancisGajowniczek
261;CatherineofSiena
262;SrMaryGrace
263;G_K_Chesterton
264;ProjectOfLove
265;BridgetOfSweden
266;SacredHeart
267;BlPaulThojXyooj
268;StephenSpiewak
269;Stephen
270;Eucharist
271;ContraryCapital
272;Meshach
273;UnitedStatesConferenceOfCatholicBishops
274;StBonaventure
275;IAmHereStories
276;aliscia._marie
277;BeAHeartDesign
278;FrMarkMary
279;SaintsAlive
280;SisterOrianne
281;KellyBaten
282;Joe
283;Noah
284;MagisCenter
285;JordanPeterson
286;CardinalTagle
287;SEEK24Conference
288;StJohn
289;SarahM
290;StVincentDePaul
291;BishopAndrewCozzens
292;RosaryPilgrimageFacebookGroup
293;GregoryPine
294;LisaAnnCotter
295;LauraKellyFanucci
296;Saul
297;FrJoshJohnson
298;BlessedCarloAcutis
299;rachel.dig7
300;StGregoryTheGreat
301;StLouiseDeMarillac
302;RobertTorote
303;StLouisDeMontfort
304;SamuelGuzman
305;PopeLeoVIII
306;SrMaryOfStPeter
307;ArchdioceseOfDetroit
308;BernardClairvaux
309;SistineChapelChoir
310;Job
311;SaintJoseph
312;KendalHuntsman
313;GiulianaRancic
314;LiveActionOrg
315;PopePiusIX
316;harmon.brothers
317;ZachWall
318;YoYoMa
319;FrChrysostomBaer
320;FatherDavidMichael
321;MaximilianKolbe
322;StSebastian
323;PierGiorgioFrassati
324;DrEdwardSri
325;StDominicSavio
326;MySaintMyHero
327;MadisonPrewett
328;DamascusWorship
329;NationalShrineOfDivineMercy
330;NationalEucharisticRevival
331;ScholaAntiqua
332;BlPeterKasuiKibe
333;PeterThiel
334;Dante
335;SrFaustinaMariaPia
336;JSerraHighSchool
337;monkmanual
338;BetsyWallin
339;RobbElementarySchool
340;RobertMcClory
341;MarinaMaldi
342;BrotherLawrence
343;SaintLouisMartin
344;MinnieLouiseHaskins
345;@_karenalice
346;KeysOfPeaceMusic
347;CatholicLofiMusicByMattFradd
348;thismessygrace
349;KingNebuchadnezzar
350;ArchdioceseOfLosAngeles
351;Ezra
352;Andrew
353;Ewa
354;TheCrossroadsvolunteerteam
355;jacintapatton_
356;TeresaTomeo
357;PaulineBooksAndMedia
358;SusaVentures
359;KsKrzysztofFreitag
360;ElonMusk
361;Jude
362;kinyson
363;PietraRené
364;SantaClaus
365;Jesus
366;JeffCavins
367;StPeterChrysologus
368;RheaWahlberg
369;catholicmusicinitiative
370;FrDolindo
371;JulianneStanz
372;JoseMariaCalderon
373;SaintIgnatius
374;PopePiusXI
375;BishopJoeCoffey
376;StMarkJiTianxiang
377;Simeon
378;Herod
379;MissionarySistersOfTheSacredHeart
380;SarahSwafford
381;RachelAndJasonBulman
382;LucianaFrassatiGawrońska
383;ThePortersGate
384;NovaScholaGregoriana
385;CorporateTravelService
386;TPMSBrazil
387;StPhilipNeri
388;TimothyOMalley
389;JohnNeumann
390;@mollieschloss
391;AaronBurr
392;PontificalMissionSocietiesUSA
393;PaulJKim
394;Trinity
395;Diane
396;BobSchuchts
397;SaintMargaretMaryAlacoque
398;UniversityOfNotreDame
399;StClareOfAssisi
400;@zoomers.travel
401;GhirelliRosariesUSA
402;StLazarus
403;@thecatholicwildlifebiologist
404;ScottMalpass
405;EmperorDioceltian
406;PopeUrbanIV
407;MatteoBocelli
408;HarpaDei
409;StMonica
410;AlexJonesHallow
411;TikTok
412;JohnOfTheCross
413;Exodus90App
414;StAngelaMerici
415;HolySpirit
416;OCPChoir
417;Augustine
418;AppStore
419;LuciaFatima
420;@e90official
421;TheLittleCatholicBox
422;MostHolySacrament
423;LondonSymphony
424;SaintMatthew
425;PatriciaHeaton
426;Abednego
427;ForKingAndCountry
428;StMichael
429;JacquesPhilippe
430;SarahKu
431;PopePius
432;HallowSummit
433;RevAlexisMLepicier
434;KatharineDrexel
435;NapaInstitute
436;KnightsOfColumbus
437;MarkWahlberg
438;CatholicMatch
439;JohnXXIII
440;college
441;saltofthesound
442;SammyGarcia
443;DrMaryHealy
444;UniversalChurch
445;Shadrach
446;ProdigalSon
447;StPiusX
448;ArchbishopJoséGomezOfLosAngeles
449;KingBalthasar
450;NBA
451;GregoryOfNyssa
452;BenedictXVISchola
453;FrLeoPatalinghug
454;LaurenDaigle
455;StZelieMartin
456;StPaulCenter
457;MichaelJHimes
458;Claudine
459;ChrisStefanick
460;NationalInstituteOfHealth
461;alex.gotayjr
462;MarchForLife
463;@pcquijano
464;NotreDameCathedral
465;FrRobGalea
466;FrSergioSerrano
467;GwenAdams
468;TrevorWilliams
469;makyky.f
470;HolyFamilySchoolOfFaith
471;HillbillyThomists
472;saintandstone
473;protestants
474;PintsWithAquinas
475;Brandon
476;StPaulOfTheCross
477;LisaHendey
478;SteveAngrisano
479;God
480;EducationInVirtue
481;StMaryOfBethany
482;ArchangelMichael
483;StJudeChildrensHospital
484;Vanessa_Benavente_Mary_the_Chosen
485;ElizaHamilton
486;GiavaniCairo
487;ArthurTheKingMovie
488;PianoBrothers
489;EWTNNews
490;Isaiah
491;DavyVanauken
492;WeronikaKostrzewa
493;ErichKerekes
494;FrBurkeMasters
495;St.MagdaleneofCanossa
496;Elizabeth
497;biblegeek
498;ONeillBrothers
499;TobyMac
500;StBernadette
501;SteubenvilleConferences
502;Emmanuel
503;SupremeKnightPatrickKelly
504;StMeinrads
505;JackieMulligan
506;Archbishop_William_E_Lori
507;EileenCurrie
508;ForTheMartyrs
509;StMartinDePorres
510;MarieClaireMukangango
511;JonathanRoumie
512;WordOnFireCatholicMinistries
513;ChathamUniversity
514;KingMelchior
515;CatherneFromNJ
516;SaintMartha
517;ShiningLightDolls
518;JohnPaulII
519;@beadafterbead
520;CatholicLink_EN
521;AshTag
522;FyodorDostoyevsky
523;MonsignorJamesShea
524;SaintFrancisDeSales
525;HarrisonButker
526;StVeronica
527;FrancisXavier
528;theSistersoftheHolyFamilyofNazareth
529;BrandonWimbush
530;ChaldeanCatholicChurch
531;LindaMaliani
532;StMichaelSabbey
533;PhilWhickam
534;NationalCatholicRegister
535;AbidingTogetherPodcast
536;ACatholicConvoWithMacIaine
537;EdithSteinStTeresaBenedicta
538;AndreaBocelli
539;CSLewis
540;EvagriusOfPontus
541;DrGiannaEmanuelaMolla
542;AndrewRabbitt
543;LisaBrenninkmeyer
544;EmperorNero
545;Bible
546;JustinMartyr
547;daniellealexiss
548;MatthewSchuster
549;LúciadosSantos
550;DavePivonka
551;FrFlanagan
552;AbbyFredrickson
553;StScholastica
554;StFrancesXavierCabrini
555;Boniface
556;@danielorland
557;StOscarRomero
558;TOBInstitute
559;Devil
560;JackieFrancois
561;@littlelizziev
562;StJulianaDeCornillon
563;DarwinRamos
564;HallowGuideAbby
565;CrossCatholicOutreach
566;StThereseOfLisieux
567;Veterans
568;St.TeresaofAvila
569;VenFrancisNguyenVanThuan
570;CardinalStudios
571;CateFromNJ
572;CateVonDohlen
573;HolyFamily
574;SaintPatrick
575;Floriani
576;sockreligious
577;BrotherIsaiah
578;SistersOfLife
579;Abraham
580;GloriaeDeiCantores
581;DaughtersOfStPaul
582;VersoMinistries
583;NationalCatholicEducationAssociation
584;BetsyZiegler
585;CatholicPaperGoods
586;FrancisOfAssisi
587;ColumbaKim
588;Samuel
589;Netflix
590;StJohnCantiusParishChicagoIL
591;DrRayGuarendi
592;LeticiaOAdams
593;BishopBarron
594;GeorgeHarrisonXanthisJohnTheChosen
595;StDymphna
596;JrueHoliday
597;DriveCapital
598;StPhilipBenizi
599;StFaustinaKowalska
600;Instagram
601;daniela.ctam
602;@katie_lubs
603;chenele_k
604;StThomasMore
605;GMA3WhatYouNeedToKnow
606;JeanCJD'Elbee
607;CatholicFaithFormation
608;FranciscoMarto
609;NCEA
610;LeoXII
611;catholicwifecatholiclife
612;asiancatholicwoman
613;StJaneFrancesDeChantal
614;SheldonVanauken
615;IanMulder
616;CameronFradd
617;JasonEvert
618;BillDonaghy
619;KevinKelly
620;StudioSenn
621;SrMiriamJamesHeidland
622;CatholicUniversity
623;justloveprints
624;ImmaculeeIlibagiza
625;StAnthonyTheGreat
626;ChurchOfTheHolySepulchre
627;StAmbrose
628;John_cihak_papal_master_of_ceremonies
629;StNicholas
630;JacintaFatima
631;Carthusians
632;MarcusLuttrell
633;MarthaMcCallum
634;PopeLeoXIII_Institute
635;MarekKlein
636;SofiaBryant
637;StAthanasiusOfAlexandria
638;FoundingFathers
639;Apollos
640;JohnPaulIIHealingCenter
641;ArchangelGabriel
642;Samaritana
643;tuhtuhtayluh
644;StMagdalenaSonSo-Byok
645;NormaPimentel
646;AlyAleighaMusic
647;@the_fuller_family
648;RobertLouisStevenson
649;SitterCity
650;Constantine
651;FrDwightLongenecker
652;Jesse
653;JoeMazzulla
654;JournalofSpirituality
655;SAINTby_Ira_DeWitt
656;FOCUSCatholicFellowshipOfCatholicUniversityStudents
657;XavierUniversity
658;ACTSXXIX
659;FranciscoFatima
660;VenFultonSheen
661;CatholicBibleStudy
662;@rlcatholic
663;TheChangeLisbon
664;ThomasàKempis
665;KatHammock
666;Rain_for_roots_Music
667;KevinJames
668;EmilyWilson
669;SrMaryBethany
670;MaryHaseltine
671;JimCaviezel
672;StPerpetua
673;DallasJenkins
674;ArchbishopPaulSCoakley
675;LisaAndJoshCanning
676;SimonEsshaki
677;simon.wester
678;chewslifeshannon
679;SisterReginaDaCostaPedro
680;DailyGospelExegesisPodcast
681;Apollo5
682;@alex_stseb
683;SaintLuke
684;AnthonyIsacco
685;WilliamDeVlamingh
686;ElizabethTabishMaryMagdaleneTheChosen
687;AngelStudios
688;Mark
689;TomaszSamołyk
690;StephenHawking
691;guadalupe_roastery
692;MotherOlga
693;VirginMary
694;ClementClarkeMoore
695;St.JosephineBakhita
696;AugustineInstitute
697;LarryKingLive
698;SarahKroger
699;BriannaMadrigal
700;FRGMinistry
701;FrMarkMaryAmes
702;Taize
703;CatholicStudents
704;TeamworthyVentures
705;MaryMagdalene
706;StAlphonsusLigouri
707;Pharisees
708;StSimonStock
709;KingGaspar
710;@_rachellynng
711;GodsplainingPodcast
712;MattFase
713;RegnumChristiMusicCollective
714;Holy
715;FrNestrov
716;DrGregPopcak
717;coffee.with.catholics
718;FranciscansOfTheEucharistOfChicago
719;GerryCrete
720;CatholicChurch
721;CongregationOfTheMission
722;PadrePio
